"효능및성분별(1)",효능및성분별(2),효능및성분별(3),2019,2019,2019,2019,2019,2020,2020,2020,2020,2020,2021,2021,2021,2021,2021,2022,2022,2022,2022,2022,2023,2023,2023,2023,2023
"효능및성분별(1)",효능및성분별(2),효능및성분별(3),처방기관수 (개소),처방의사수 (명),환자수 (명),처방건수 (건),처방량 (개/정),처방기관수 (개소),처방의사수 (명),환자수 (명),처방건수 (건),처방량 (개/정),처방기관수 (개소),처방의사수 (명),환자수 (명),처방건수 (건),처방량 (개/정),처방기관수 (개소),처방의사수 (명),환자수 (명),처방건수 (건),처방량 (개/정),처방기관수 (개소),처방의사수 (명),환자수 (명),처방건수 (건),처방량 (개/정)
"진통제",소계,소계,8666,50780,3187678,11877064,81246111,9066,51616,2955146,11866992,82557868,9352,51393,3160919,12120012,83883045,9169,51624,3117642,11471653,80868368,9034,51421,3107157,11332263,76894769
"진통제",마약,소계,5340,45843,2914071,10939356,78376682,5810,46729,2704564,10960813,79716731,6100,46484,2914277,11222100,81011465,5978,46728,2888834,10652221,78238219,5904,46585,2898243,10585849,74542252
"진통제",마약,디히드로코데인,75,1648,10415,59285,649492,67,1372,6711,44189,602690,66,1263,5909,43246,592318,62,1272,6590,41089,587116,63,1259,7012,40953,579831
"진통제",마약,모르핀,1548,19893,262992,1866059,5110240,1539,19907,235088,1950382,4682843,1506,18999,243406,1998664,4599515,1479,18961,241241,1898958,4250774,1464,18808,245866,2034098,4443556
"진통제",마약,옥시코돈,2610,27007,274966,2777461,44643903,2773,27009,259092,2777009,45801007,2955,26530,257046,2778687,47396153,3029,26715,244291,2559005,46868745,3034,26514,234172,2522869,45391652
"진통제",마약,타펜타돌,436,8015,96577,595742,8371829,629,8786,104673,671722,9582950,692,8677,105938,674902,9854689,744,8397,94305,605950,8869502,771,8163,88509,574881,8203235
"진통제",마약,페티딘,2743,34197,2476722,4040623,4648921,2742,34747,2294752,3869630,4307889,2802,33670,2509032,4162096,4526364,2812,33843,2496441,4073405,4382726,2828,33813,2513202,4052035,4343701
"진통제",마약,히드로모르폰,345,6547,64120,318445,3239899,334,5505,53087,257779,2687712,295,4636,48138,216965,2051533,245,4132,42987,219515,1772947,211,2981,39767,182740,1261169
"진통제",마약,히드로코돈,264,2006,26731,135476,2566440,267,2169,24441,132452,2701093,256,2226,23097,127357,2707679,266,2149,22197,122283,2644225,254,1947,18789,111628,2368974
"진통제",마약,펜타닐(주사제 외 제형),2715,26985,201174,1570298,9145958,3034,27211,188194,1553434,9350547,3175,26465,182657,1488325,9283214,2949,26051,171041,1337987,8862184,2760,24746,159314,1262188,7950134
"진통제",향정신성의약품,소계,5598,20884,434654,982116,2869429,5730,21217,399661,937413,2841137,5842,21331,394609,928242,2871580,5729,21158,365272,847595,2630149,5628,20705,337517,773646,2352517
"진통제",향정신성의약품,날부핀,453,2429,70542,101283,184746,439,2341,64162,96311,172341,410,2103,58862,89266,157554,381,1943,55817,79870,140982,370,1855,54010,75541,138625
"진통제",향정신성의약품,부토르파놀,120,562,42924,48693,123967,124,512,39080,45833,118426,116,445,37345,43045,110303,112,445,32712,37000,97360,99,396,27003,30233,86131
"진통제",향정신성의약품,부프레노르핀,5217,18814,327330,833749,2560716,5379,19211,301823,795689,2550370,5505,19525,303080,796291,2603723,5412,19459,280734,731082,2391807,5335,19097,259769,668089,2127761
"진통제",향정신성의약품,펜타조신,0,0,0,0,0,-,-,-,-,-,-,-,-,-,-,-,-,-,-,-,-,-,-,-,-
"항불안제",소계,소계,31402,79821,6661269,43616455,829323993,31583,80830,6304264,43372575,865974471,31769,80913,6406115,43667764,905851545,32108,82335,6413137,42256939,918630359,32225,82796,6268546,41448134,918244428
"항불안제",향정신성의약품,소계,31402,79821,6661269,43616455,829323993,31583,80830,6304264,43372575,865974471,31769,80913,6406115,43667764,905851545,32108,82335,6413137,42256939,918630359,32225,82796,6268546,41448134,918244428
"항불안제",향정신성의약품,디아제팜,25431,62047,3248581,12939573,173004779,25510,61643,2903836,12060987,170621561,25542,61029,2835321,11603582,169781300,25459,61234,2758059,10762648,161954206,25217,60666,2597368,9936477,151826476
"항불안제",향정신성의약품,로라제팜,14266,49262,1125942,12638028,187258786,14594,50705,1150413,13249690,201533883,14983,50402,1198020,13468803,212718021,15158,51280,1216071,13108218,219060581,15237,51561,1228101,13339312,225212258
"항불안제",향정신성의약품,멕사졸람,242,401,6416,21800,490282,114,135,307,489,10595,2,2,2,2,88,-,-,-,-,-,-,-,-,-,-
"항불안제",향정신성의약품,브로마제팜,4476,8497,214290,1502602,29035120,4818,8894,215807,1558332,30861216,4989,9084,222201,1598555,31826995,5089,9446,215604,1538790,31902963,5173,9667,212947,1533079,32726521
"항불안제",향정신성의약품,알프라졸람,23405,61039,2631464,15367318,320185248,23905,62118,2689069,16154979,350476690,24501,63049,2868399,17019008,379823213,24912,64256,2905888,16862199,394225800,25180,64687,2890520,16840618,402601625
"항불안제",향정신성의약품,에티졸람,13852,31751,942176,3443237,81928652,14670,33097,976548,3729886,91264044,15139,33914,981464,3692150,91800145,15469,34927,957896,3560131,92095499,15646,35283,896256,3277760,86544326
"항불안제",향정신성의약품,에틸로플라제페이트,1181,2193,31334,169078,3146955,1262,2228,30580,164605,3220211,1260,2196,29406,160924,3217340,1189,2048,26972,149918,3085156,1182,2005,26025,141375,3057035
"항불안제",향정신성의약품,클로르디아제폭시드,1567,4165,61496,269615,5436904,1577,3956,55515,251125,5219531,1572,3720,51082,226734,4919246,1440,3524,47554,200785,4485438,1402,3347,45099,189802,4200437
"항불안제",향정신성의약품,클로바잠,1161,5673,39628,186043,10637192,1221,5705,38365,190106,11226423,1214,5524,36354,192413,11465252,1255,6179,35094,195823,11784063,1206,6110,33447,197030,12075565
"항불안제",향정신성의약품,클로티아제팜,7160,13034,288045,827074,18200075,3498,4500,30126,73858,1540317,997,1099,6056,15222,299945,259,267,1058,1799,36653,6,6,6,6,185
"최면진정제",소계,소계,32578,87909,8446710,25789812,241303523,32880,89102,8078241,25948483,259802196,33468,89802,8997279,27191254,275722106,34117,91834,9276413,27333203,289136657,34762,93317,9579816,27786604,298791945
"최면진정제",향정신성의약품,소계,32578,87909,8446710,25789812,241303523,32880,89102,8078241,25948483,259802196,33468,89802,8997279,27191254,275722106,34117,91834,9276413,27333203,289136657,34762,93317,9579816,27786604,298791945
"최면진정제",향정신성의약품,미다졸람,7979,41793,6583016,7980031,9413007,8227,42422,6204620,7597124,8938761,8458,42567,7149791,8753919,10447753,8793,43822,7374025,8998051,10667681,9199,44914,7647129,9299558,10737951
"최면진정제",향정신성의약품,에스조피클론,1616,1784,15841,23824,307155,2944,4450,72088,241601,3431319,3753,6956,94886,435228,6790794,4143,8524,105266,553886,9460078,4481,9903,118019,646146,11584805
"최면진정제",향정신성의약품,졸피뎀,30375,75596,1837530,11664480,145204375,30566,76081,1808701,11817111,152995204,30963,76293,1805381,11728050,158127597,31506,77981,1869384,11624938,164376815,31951,78689,1886037,11550236,166570241
"최면진정제",향정신성의약품,쿠아제팜,0,0,0,0,0,-,-,-,-,-,-,-,-,-,-,-,-,-,-,-,-,-,-,-,-
"최면진정제",향정신성의약품,클로랄히드레이트,897,8654,121711,183916,25455,872,8012,102539,160013,238453,875,7592,100824,161206,278110,850,7415,95012,148644,269255,818,7059,88811,140507,250467
"최면진정제",향정신성의약품,트리아졸람,16368,37301,416123,3270461,34327875,16392,36923,405048,3367651,36504390,16387,36656,397357,3318901,37316529,15935,35959,383423,3126590,36870223,15560,35585,373569,3039190,36482275
"최면진정제",향정신성의약품,펜토바르비탈,20,237,812,3368,45246,19,235,626,3998,44574,19,207,629,3520,42399,18,276,677,4421,52451,26,302,685,4138,51955
"최면진정제",향정신성의약품,플루니트라제팜,5247,9746,278851,3259377,46015324,5826,10579,297618,3401883,51579474,6493,11509,317713,3535889,56613295,6988,12601,337280,3632684,61233374,7650,13791,368509,3879743,66947774
"최면진정제",향정신성의약품,플루라제팜,2061,5362,51954,468956,5965086,2064,5031,49732,458189,6070021,2059,4817,47432,445414,6105629,1972,4885,45752,453335,6206780,1865,4457,38850,305892,4267791
"최면진정제",향정신성의약품,잘레플론,-,-,-,-,-,-,-,-,-,-,-,-,-,-,-,-,-,-,-,-,1785,2967,44011,132490,1898686
"마취제",소계,소계,8322,39608,9390652,14116655,20351553,8593,40502,9081471,14382869,20069119,8905,40379,10592814,16715956,22925611,9176,41487,11224351,17639949,24046772,9581,42448,11840834,18564859,25015438
"마취제",마약,소계,1616,23089,2052667,4033375,7208606,1664,23798,2001392,4238011,7085784,1687,23121,2102802,4596434,7549554,1710,23679,2138709,4730933,7560991,1771,23585,2219956,4852935,7619340
"마취제",마약,레미펜타닐,543,13745,753711,1247277,1744909,581,14449,747518,1287133,1758231,588,14272,809149,1477191,2076183,627,14924,829975,1560457,2167853,655,15012,872240,1589373,2159990
"마취제",마약,서펜타닐,55,998,45781,56222,89059,59,1119,40117,50510,80404,62,1443,43881,63631,90333,66,1692,52272,78372,110031,77,2452,67872,102519,151035
"마취제",마약,알펜타닐,23,321,30669,33771,40672,24,327,28976,31885,35059,24,306,29851,32830,35093,25,296,29088,31934,35087,24,270,26891,29666,31954
"마취제",마약,펜타닐(주사제),1589,20066,1791180,2885856,5333966,1633,20084,1755199,2999823,5212090,1660,19546,1838704,3153674,5347945,1680,19687,1859407,3177173,5248020,1730,19167,1915862,3245096,5276361
"마취제",향정신성의약품,소계,8232,34186,8882903,10710649,13142947,8496,34476,8605256,10549539,12983335,8813,35009,10134890,12534825,15376057,9085,36007,10773444,13332694,16485781,9486,36907,11392146,14147019,17396098
"마취제",향정신성의약품,케타민,1791,10343,410143,531309,261415,1944,10421,429554,560738,252938,1998,10668,479701,635177,286321,2103,10706,533440,709066,298859,2265,11135,561414,742448,304801
"마취제",향정신성의약품,티오펜탈,1063,6319,243105,264941,294163,1022,5845,218625,239371,266856,966,5596,208623,228938,255979,890,5081,182924,199757,218865,814,4112,81977,90348,102042
"마취제",향정신성의약품,프로포폴,7666,29575,8505248,10118994,12587368,7905,29915,8250363,9974662,12463540,8229,30612,9775074,11907581,14796310,8495,31675,10384713,12621259,15822874,8890,32877,11027823,13435224,16714546
"마취제",향정신성의약품,레미마졸람(주사제),-,-,-,-,-,-,-,-,-,-,104,712,15023,20024,37447,219,2091,82899,98901,145183,379,3230,171097,205030,274709
"식욕억제제",소계,소계,24544,37905,1307193,6258384,250544576,24723,37309,1309459,6201757,253706272,24457,37020,1268146,5867465,244952097,24225,37542,1205439,5574296,242873243,24128,37867,1143759,5112947,226997378
"식욕억제제",향정신성의약품,소계,24544,37905,1307193,6258384,250544576,24723,37309,1309459,6201757,253706272,24457,37020,1268146,5867465,244952097,24225,37542,1205439,5574296,242873243,24128,37867,1143759,5112947,226997378
"식욕억제제",향정신성의약품,로카세린,6108,9772,47666,113183,4771940,2157,2926,7097,9061,401385,8,8,9,9,427,2,2,3,3,133,-,-,-,-,-
"식욕억제제",향정신성의약품,마진돌,349,404,6272,20017,594273,297,350,4932,14965,447184,230,263,2052,4778,128525,2,2,2,2,87,-,-,-,-,-
"식욕억제제",향정신성의약품,암페프라몬,1433,1844,110674,406541,11705140,1443,1839,119681,410525,14351074,1442,1864,105647,328643,12769083,1324,1793,95994,290516,12804006,1305,1832,80427,233517,10824780
"식욕억제제",향정신성의약품,펜디메트라진,13750,17897,604287,2898072,143555756,13300,17221,599548,2781355,147129234,12713,16529,571625,2558954,147985196,12205,16169,545276,2486375,149881392,11787,15782,517677,2265373,141238894
"식욕억제제",향정신성의약품,펜터민,22566,33084,842928,3196636,89917467,23337,34781,867809,3304199,91377395,23322,35130,818661,3005158,84068866,23167,35758,763154,2803626,80187625,23061,36061,718551,2616494,74933704
"진해제",소계,소계,4395,30221,997170,3376352,50272378,4334,28742,599510,2496223,41120083,4193,27238,493181,2311729,39291684,4505,29178,655805,2486152,41556341,4276,28663,696074,2672568,40759916
"진해제",마약,소계,3140,28301,711207,2796604,43948929,3320,27220,484911,2244869,38596944,3301,25921,427937,2157895,37536440,3661,27910,542821,2273767,39819309,3726,27834,625740,2510076,40701762
"진해제",마약,코데인,3140,28301,711207,2796604,43948929,3320,27220,484911,2244869,38596944,3301,25921,427937,2157895,37536440,3661,27910,542821,2273767,39819309,3726,27834,625740,2510076,40701762
"진해제",향정신성의약품,소계,1545,3830,298589,588648,6323449,1255,3000,119415,252672,2523139,1090,2445,67892,154827,1755244,1053,2467,116793,213583,1737032,699,1754,73336,163270,58154
"진해제",향정신성의약품,덱스트로메토르판,316,391,104306,195455,1578089,261,319,45315,85429,816869,246,313,25663,48794,500281,237,292,34485,50661,531142,47,49,705,902,8949
"진해제",향정신성의약품,지페프롤,1260,3477,196089,394431,4745360,1017,2710,74547,167607,1706270,863,2153,42455,106291,1254963,837,2198,82534,163120,1205890,658,1711,72665,162408,49205
"항뇌전증제",소계,소계,15283,46620,964739,8365790,173971355,16195,48366,1022096,9056954,190450810,17004,49347,1162974,9855751,209863408,17683,51012,1236453,9863723,219525996,17891,51783,1310369,10499542,234278893
"항뇌전증제",향정신성의약품,소계,15283,46620,964739,8365790,173971355,16195,48366,1022096,9056954,190450810,17004,49347,1162974,9855751,209863408,17683,51012,1236453,9863723,219525996,17891,51783,1310369,10499542,234278893
"항뇌전증제",향정신성의약품,클로나제팜,14993,45502,942804,8190238,165344489,15948,47202,1004671,8885627,181984045,16788,48375,1147364,9686517,201712931,17512,50048,1221790,9709387,211715702,17723,50857,1297204,10361410,226779725
"항뇌전증제",향정신성의약품,페노바르비탈,1894,7280,24424,190871,8626866,1862,6983,19814,184856,8466765,1830,6511,17827,181509,8150477,1741,6530,16847,165423,7810294,1652,6376,15092,149056,7499168
"ADHD치료제",소계,소계,4076,12721,133813,1419288,35232857,4260,12536,143471,1493240,37708591,4527,12752,170530,1720725,45382910,4803,13404,221483,2049999,56953198,5047,13837,280663,2553300,73125498
"ADHD치료제",향정신성의약품,소계,4076,12721,133813,1419288,35232857,4260,12536,143471,1493240,37708591,4527,12752,170530,1720725,45382910,4803,13404,221483,2049999,56953198,5047,13837,280663,2553300,73125498
"ADHD치료제",향정신성의약품,메틸페니데이트,4076,12721,133813,1419288,35232857,4260,12536,143471,1493240,37708591,4527,12752,170530,1720725,45382910,4803,13404,221483,2049999,56953198,5047,13837,280663,2553300,73125498
"항우울제",소계,소계,-,-,-,-,-,14,20,24,98,175,78,221,364,3212,6364,86,227,404,3305,6603,85,216,433,2884,5643
"항우울제",향정신성의약품,소계,-,-,-,-,-,14,20,24,98,175,78,221,364,3212,6364,86,227,404,3305,6603,85,216,433,2884,5643
"항우울제",향정신성의약품,에스케타민,-,-,-,-,-,14,20,24,98,175,78,221,364,3212,6364,86,227,404,3305,6603,85,216,433,2884,5643
